가수,제목,장르,가사
아이유 (IU),좋은 날,가요 / 전체,"어쩜 이렇게 하늘은 더 파란 건지 오늘따라 왜 바람은 또 완벽한지 그냥 모르는 척 하나 못들은 척 지워버린 척 딴 얘길 시작할까 아무 말 못하게 입맞출까 눈물이 차올라서 고갤 들어 흐르지 못하게 또 살짝 웃어 내게 왜 이러는지 무슨 말을 하는지 오늘 했던 모든 말 저 하늘 위로 한번도 못했던 말 울면서 할 줄은 나 몰랐던 말 나는요 오빠가 좋은걸 어떡해 새로 바뀐 내 머리가 별로였는지 입고 나왔던 옷이 실수였던 건지 아직 모르는 척 기억 안 나는 척 아무 일없던 것처럼 굴어볼까 그냥 나가자고 얘기할까 눈물이 차올라서 고갤 들어 흐르지 못하게 또 살짝 웃어 내게 왜 이러는지 무슨 말을 하는지 오늘 했던 모든 말 저 하늘 위로 한번도 못했던 말 울면서 할 줄은 나 몰랐던 말 나는요 오빠가 좋은걸 (휴~) 어떡해 이런 나를 보고 그런 슬픈 말은 하지 말아요 철없는 건지 조금 둔한 건지 믿을 수가 없는걸요 눈물은 나오는데 활짝 웃어 네 앞을 막고서 막 크게 웃어 내가 왜 이러는지 부끄럼도 없는지 자존심은 곱게 접어 하늘위로 한 번도 못했던 말 어쩌면 다신 못할 바로 그 말 나는요 오빠가 좋은걸 (아이쿠, 하나 둘)  I'm in my dream It's too beautiful, beautiful day Make it a good day Just don't make me cry 이렇게 좋은 날"
SG워너비,해바라기,가요 / 발라드,너는 나의 사랑 너는 나의 행복 소중한 사람 비가 내리면 함께 맞아줄 둘도 없는 내 사랑 달콤한 노래를 부르면 너의 두 눈이 미소 짓고 네 볼에 입 맞추면 수줍어하지 밤새 전화기를 붙들고 무슨 할 말이 많았는지 끊을땐 아쉬워 먼저 못 끊지 오 너는 나의 사랑 너는 나의 행복 소중한 사람 비가 내리면 함께 맞아줄 둘도 없는 내 사랑 세상 어떤 사람 세상 어떤 말로도 너를 대신 못해 난 말야 오직 너 하나뿐야 너를 사랑해 집 앞까지 바래다주고 너의 방 불빛이 켜지면 그때서야 가는걸 너는 몰랐지 신발을 사주고 싶은데 그럼 네가 떠나 갈까 봐 가게 앞에서 늘 고민만 하지 오 너는 나의 사랑 너는 나의 행복 소중한 사람 비가 내리면 함께 맞아줄 둘도 없는 내 사랑 세상 어떤 사람 세상 어떤 말로도 너를 대신 못해 난 말야 오직 너 하나뿐야 너를 사랑해 해바라기 같은 사랑만 주고 싶어  오직 한 사람 내겐 첫 사랑 너에게 너도 말해 줄래 내게 말해 줄래 좋아한다고 너도 나 만큼 하늘 땅만큼 나를 사랑한다고 오 많은 인연 속에 많은 사람들 중에 우리 둘뿐이야 고마워 네가 내게 와줘서 너무 행복해  너를 사랑해 워~ 사랑해
애프터스쿨 (After School),뱅 (Bang) !,가요 / 댄스,"T.R.Y. Do it now! Can you follow me? Yes!! Uh-ha~!! T.R.Y. Pick it up! You’ll never catch me!! Oh~ No!! 눈부시게 빛나는 나를 따라 Oh! Oh! Oh! 가식적인 말들은 비웃어버려 Ha! Ha! Ha!   예쁘기만 한 너는 더 이상은 No! No! No! 짜릿한 음악 속에 던져버려 Bang! Bang! Bang! 우리는!! Oh~ After!! School Up!! 너흰 모두 비켜라!! Check it out!! 다 가져봐!! A-ha! A-ha! A-ha! Right now!! Oh~ After!! School Up!! 모두 미쳐라!! 외쳐라!! 또 이렇게!! A-ha! A-ha! A-ha! T.R.Y. Do it now! Can you follow me? Yes!! Uh-ha~!! T.R.Y. Pick it up! You’ll never catch me!! Oh~ No!! 가슴 뛰는 이 밤을 내 맘은 Oh! Oh! Oh! 불타는 네 눈길은 내 몸을 타고 Ha! Ha! Ha! 거칠어진 숨소리 멈추진 마 No! No! No! 심장이 이 리듬을 따라가게 쿵! 쿵! 쿵!  우리는!! Oh~ After!! School Up!! 너흰 모두 비켜라!! Check it out!! 다 가져봐!! A-ha! A-ha! A-ha! Right now!! Oh~ After!! School Up!! 모두 미쳐라!! 외쳐라!! 또 이렇게!! A-ha! A-ha! A-ha! Bringin’ it to you daily It’s only from the best  After School Playgirlz know how to get fresh So cool, So right, just so tasty We bring it fast forward the fellows go crazy  좀더 과감하게 보여 주는 거야 너 (To be raised for my life) 좀더 특별하게 춤을 추는 거야 너 (To be raised for my life) One! Two!! Three!!!  음악에 널 맡겨 주문을 걸어봐 Yeah (To be raised for my life) Crisp clean original new quality is what we give to you.  (Check it out) a new generation and a whole new start (check it out) collaboration with a brand new heart  조금 더 다가와 이순간을 Catch Up!! Oh On your mark set ready to go can you feel it in your body this A.S. flow Hey hey what you want ! Let’s go...!!  우리는!! Oh~ After!! School Up!! 너흰 모두 비켜라!! Check it out!! 다 가져봐!! A-ha! A-ha! A-ha! Right now!! Oh~ After!! School Up!! 모두 미쳐라!! 외쳐라!! 또 이렇게!! A-ha! A-ha! A-ha! T.R.Y. Do it now! Can you follow me? Yes!! Uh-ha~!! T.R.Y. Pick it up! You’ll never catch me!! Oh~ No!! A-ha! A-ha! A-ha! T.R.Y. Do it now!! A-ha! A-ha! A-ha! Can you follow me? Yes!! Uh-ha~!! A-ha! A-ha! A-ha! A-ha! A-ha! A-ha!"
일 락,눈물이 왈칵 (Feat. 매직플로우),가요 / 발라드,떠나간 사람 내겐 한 사람 Love is go on 너무 아파 너에게 사랑이란건 아무 감동없는 드라마 같은걸  아니면 내가 너에게 아무 의미없는 그런 존재라는걸 알면서 인정이 안돼 화도 안나는데 진정이 안돼 멀리서 그저 멀리서 널 바라보고 있어 사랑을 외치고 외쳐 들리지 않는 나의 목소리 어딜가도 너만한 사람은 없은것만 같은 나의 마음이 이렇게 애타게 부르고 불러 애타게 너에겐 들리지 않아 들리지 않아 자꾸만 눈물이 왈칵 내 가슴이 왈칵 비라도 내리면 차라리 좋겠어 혹시라도 눈물 들킬까봐 숨겨왔던 내맘 들킬까봐 또 눈물이 왈칵 내 사랑이 왈칵 바람아 내눈물 데려가줘 오늘도 난 차마 못한그말 눈물이 대신한말 너를 사랑해 자꾸 넌 딴소리하며 말 돌리고 내 말이 잔소리라며 말 흘리고 뻔한 니맘 다 아는데 But 난 I can’t let it go 너를 만나고 너를 닮아가 너의 습관들 하나까지도 내겐 익숙해져 버려서 널 따라하고 있어 돌아오라고 외치고 외쳐 내 가슴이 내는 목소리 결국에 너에겐 들리지 않아 되돌아오는 슬픈 메아리 이렇게 애타게 부르고 불러 애타게 그래도 들리지 않아 너는 듣지를 않아 자꾸만 눈물이 왈칵 내 가슴이 왈칵 비라도 내리면 차라리 좋겠어 혹시라도 눈물 들킬까봐 숨겨왔던 내맘 들킬까봐 또 눈물이 왈칵 내 사랑이 왈칵 바람아 내눈물 데려가줘 오늘도 난 차마 못한그말 눈물이 대신한말 너를 사랑해 이건 아냐 말도 안돼 고작 며칠밤 동안에  어떻게 그렇게 니맘이 바뀌어 친구로 지내잔 말이 날 할퀴어 아무리 참아보려 애써도 이렇게 난 눈물만 자꾸만 눈물이 왈칵 자꾸만 눈물이 왈칵 내 가슴이 왈칵 구름이 달빛을 가리면 좋겠어 혹시라도 이런 날 볼까봐 바보같은 눈물 보일까봐 또 눈물이 왈칵 내 사랑이 왈칵 눈물아 오늘만 참아줄래 하늘 가득 채운 별들만큼 수없이 하고픈 말 내게 돌아와 사랑해 널 사랑해 원하고 또 원하네 눈물이 대신한 말 너를 사랑해
임정희,진짜일 리 없어,가요 / 발라드,이게 진짜일 리 없어 주변을 지나던 사람들 하나 둘씩 느려지고  주위의 모든 게 갑자기 들리지가 않아 세상은 갑자기 멈춰진 흑백사진 같은데 니 목소리만 메아리처럼 헤어지자 * 이게 진짜일 리 없어 니가 날 떠나는 게 꿈속인 게 틀림 없어 눈물도 나지 않는 게 누가 나 좀 꼬집어 줬으면 해 꿈이라면 나를 깨워줬음 해 아님 내가 살 수 없어 이게 진짜일 리 없어 그건 안돼 조금씩 주변의 사람들 움직이기 시작했고 니가 일어서는 모습이 영화처럼 보여 떠나는 널 잡아보려고 손을 내밀려 해도 온몸이 돌처럼 다 굳어버린 것 같아 이게 진짜일 리 없어 니가 날 떠나는 게 꿈속인 게 틀림 없어 눈물도 나지 않는 게 누가 나 좀 꼬집어 줬으면 해 꿈이라면 나를 깨워줬음 해 아님 내가 살 수 없어 이게 진짜일 리 없어 니가 떠나고 나서야 머리가 움직이나 봐 그대 뒤를 쫓아 거리를 헤매어 뛰지만 이게 진짜일 리 없어 니가 날 떠나는 게 꿈속인 게 틀림 없어 눈물도 나지 않는 게 누가 나 좀 꼬집어 줬으면 해 꿈이라면 나를 깨워줬음 해 아님 내가 살 수 없어 이게 진짜일 리 없어 이게 진짜일 리 없어 정말 니가 떠났나 봐 
손담비,queen,가요 / 댄스,Oh Ladies This is your story 잘 듣고 널 찾아 hey listen 더 높은 네 Kill heels 네 over denim loo-looks 손끝 빛나는 bling bling 핑크빛 lip glo-loss 거울 속에 비친 널 한번 바라봐 Oh 그래 그래 You so cool 널 사로잡은 Girl So Sexy Hey 훔쳐보는 Mr. smarty Oh 화려한 너를 느껴봐 라리라 네 생각 생각대로 될 수 있지 1 2 3 4 Do you wanna 이제 wake up wake up wake up wake wake up wake up wake up wake up wake wake up Just wake up wake up wake up wake wake up 모두 다 원하는대로 Until you decide 모두 다 이루어져라 Until you decide 모두 다 이루어져라 Until you decide 모두 다 이루어져라 Until you decide 모두 다 원하는대로 Until you decide 네 하루가 새롭길 원할 때 Something 간절히 이루기를 원할 때 마땅한 주문이 없을 때 이게 바로 dB Made Style The Object is Anti Bore 바로 PLEDIS Made Style This is the Magic Show We'll offer and make the Show Hey little girl big girl 눈뜨고 둘러봐봐 널 부르는 저 Call Ring Ring 번호표가 필요하지 네 안에 숨어있던 너를 깨워봐 그래 그래 You so cool 널 사로잡은 Girl So Sexy Hey 훔쳐보는 Mr. smarty Oh 화려한 너를 느껴봐 라리라 네 생각 생각대로 될 수 있지 1 2 3 4 Do you wanna 이제 wake up wake up wake up wake wake up wake up wake up wake up wake wake up Just wake up wake up wake up wake wake up 모두 다 원하는대로 Until you decide 이제 wake up wake up wake up wake wake up wake up wake up wake up wake wake up Just wake up wake up wake up wake wake up 모두 다 원하는대로 Until you decide 모두 다 이루어져라 Until you decide 모두 다 이루어져라 Until you decide 모두 다 이루어져라 Until you decide 모두 다 원하는대로 Until you decide Until you decide Until you decide Until you decide dB style Until you decide
현아,Change (Feat. 용준형 From Beast),가요 / 댄스,"[Intro] yeah, this, I'm bring it bring it let let's go [Hook] uh uh uh uh uh uh uh uh uh uh change uh uh uh uh uh uh uh uh uh uh change uh uh uh uh uh uh uh uh uh uh change uh uh uh uh uh uh change change change change change [1A] 다 똑같은 것 말고 나를 위한 slogan 다 비슷한 생각들 말고 나를 위한 logo what you want? (what you do) tell me baby what you do 언제나 눈치 보지 말고 step step swagger [1B] (I can change) 아무리 어려도 (you can change) 누가 뭐라 해도 (we can change) 모두 내 맘대로 pop pop pop ma collar (do it up) 신경 쓰지 말고 (take it on) 모두 하늘 위로 (jumping up) do it do it do it better [C] (ch ch ch change) boy boy boy 생각대로 change (ch ch ch change) girls girls girls 나를 따라 change (모두 다 change) 모두 다 change (모든 걸 change) 모든 걸 change (이제는 change) 이제는 change  I'm gonna change change change change change  [1A] 1, 2, 3 Ah~ let's get let's get let's movin' let's get let's get let's get started you you you you ready? yeah~ we just burn it! 자꾸만 시간이 가 괜한 걱정만 늘어가 왜 난  이렇게 지냈는지 뻔한 말들만 늘어놔 all night 고민 고민 이제 그만해 왜 이리 왜 이리 피하기만 해 더는 더는 속이지 말고 show me what you got [2B] (I can change) 아직은 몰라도 (you can change) 누가 날 막아도 (we can change) 모두 내 멋대로 pop pop pop ma collar (do it up) 눈치보지 말고 (take it on) 모두 손을 위로 (jumping up) do it do it do it better [C] (ch ch ch change) boy boy boy 생각대로 change (ch ch ch change) girls girls girls 나를 따라 change (모두 다 change) 모두 다 change (모든 걸 change) 모든 걸 change (이제는 change) 이제는 change  I'm gonna change change change change change  [D] 나는 달라 하나 하나 원하는 걸 내가 내가 change 지금부터 I can change 이제부터 you can change 모든 걸 다 we can change change change uh uh uh uh uh uh uh uh uh uh change uh uh uh uh uh uh uh uh uh uh change uh uh uh uh uh uh uh uh uh uh change uh uh uh uh uh uh  [C] (ch ch ch change) boy boy boy 생각대로 change (ch ch ch change) girls girls girls 나를 따라 change (모두 다 change) 모두 다 change (모든 걸 change) 모든 걸 change (이제는 change) 이제는 change  I'm gonna change change change change change"
2am,전활 받지 않는 너에게,가요 / 발라드,얼마나 얼마나 싫어할 지 알면서도  이것 밖에 할 게 없다  너의 집 앞에서  할일없이 너를 기다리는 일 아무리 아무리 나 비참해도  너를 잃는 것보단 잃을 게 없어서 같은 곳에서  너의 집 앞에서 기다린다 * 이미 전활 받지 않는 너에게  나를 보려조차 않는 너에게 아무리 빌어도 용서를 구해도  소용 없는 일이라 해도 너의 집 앞에 서서 기다린다  나를 본체조차 하지 않아도 마치 처음 본 사람처럼 날 지나쳐도 미안하다는 내 한마딜 들어줄 때까지 하루에도 수 십 번씩 전화기를 보고  작은 소리에도 놀라서 너의 문자인지 몇 번씩 확인하곤 했어 처음에는 처음엔 늘 있는 다툼처럼  돌아 올 줄 알았어 이렇게 독하게 날 떠나기엔  너는 너무 착한 여자라서 * 이미 전활 받지 않는 너에게  나를 보려조차 않는 너에게 아무리 빌어도 용서를 구해도  소용 없는 일이라 해도
GD & TOP,Oh Yeah (Feat. 박봄),가요 / 랩/힙합,oh yeah oh oh yeah top oh yeah oh oh yeah gd oh yeah oh oh yeah oh yeah oh oh yeah 사랑은 falling 내 말 한마디면 넘어가 귀신에 홀린 듯 널 보면 내가 넘어가 티내긴 싫지만 이미 you rock my world 내 맘에 골인 대답은 항상 oh yes girl 아껴온 한 마디 살결을 가까이 널 절대 실망시키지 않아 girl i promise 우리는 닮은꼴 남들과 다른 soul  지루한 세상을 등에지고 let's rock and roll um 오늘처럼 별이 빛나는 밤에 행운의 예감이 우릴 부르네 아름다운 소리로 질러줘 like this (like) this (like) this oh yeah (oh yeah) oh oh oh (now feel i got it) oh yeah (oh yeah 제발 날 멈추지 마) oh yeah oh oh oh mamama oh yeah (oh yeah yeah yeah yeah)  그댄 style부터 smlie까지 모든 게 다 good 점점 서로에게 빠져드는 우리들 비워지는 나의 cup 니 향기로 fill it up 너와 내 불타는 kitchen 막 타오르는 느낌 풍선껌처럼 부푼 맘 i'm just cellebrating  i i i i i i like it babe you you you you come be my lady um 오늘처럼 별이 빛나는 밤에 행운의 예감이 우릴 부르네 아름다운 소리로 질러줘 like this (like) this (like) this oh yeah (oh yeah) oh oh oh (now feel i got it) oh yeah (oh yeah 제발 날 멈추지 마) oh yeah oh oh oh mamama oh yeah (oh yeah) oh yeah (yeah yeah yeah) put your hands in the air put your hands in the air say yeah put your hands in the air put your hands in the air say yeah 오늘처럼 별이 빛나는 밤에 행운의 예감이 우릴 부르네 아름다운 소리로 질러줘 like this (like) this (like) this oh yeah (oh yeah) oh oh oh (now feel i got it) oh yeah (oh yeah 제발 날 멈추지 마) oh yeah oh oh oh mamama oh yeah (oh yeah) oh yeah (yeah yeah yeah) yeah yeah yeah you make me wanna say oh yeah yeah yeah all they everyday oh oh yeah oh yeah oh yeah oh yeah
바비 킴 (Bobby Kim),남자답게,가요 / R&B/소울,인생엔 무서우리만큼 사랑엔 순수해 너무나  당당해 남자기에 그렇게 Hey~  뜨거운 심장이 뛴다 달려들어 난 또 이 세상에 몇번을 깨져도 멈추지 않아 고통따윈 날 어쩌지 못해 자존심 하나로 살아간다 태풍이 몰아쳐도Hey~ 멋지게 걸어 난 남자니까 한 걸음 한 걸음 당당히 인생엔 무서우리만큼 사랑엔 순수해 너무나  당당해 남자기에 그렇게 Hey~  혼자서 모든 걸 이겨내 진심을 보이면 지는 거지  절대로 타협 같은 건 안해 태어나 부터 정해 졌으니   자존심 하나로 살아간다 태풍이 몰아쳐도Hey~  멋지게 걸어 난 남자니까 한 걸음 한 걸음 당당히 한없이 넓은 이 가슴  사랑앞에 서면 작아지네 배신을 당해도 독할 수 없는 여리디 여린 남자이기에 뒤돌아 몰래 눈물 흘려 아픔을 묻으려 술을 마셔 어차피 내일이면 다 잊어  난 강하니까 다시 일어서   자존심 하나로 살아간다 태풍이 몰아쳐도Hey~ 멋지게 걸어 난 남자니까 한 걸음 한 걸음 당당히 (Say one more time) 더 크게 웃어 난 남자니까 아파도 슬퍼도 당당히(남자답게)
2am,죽어도 못 보내,가요 / 발라드,어려도 아픈 건 똑같아  세상을 잘 모른다고  아픈 걸 모르진 않아 괜찮아질 거라고  왜 거짓말을 해  이렇게 아픈 가슴이  어떻게 쉽게 낫겠어 너 없이 어떻게 살겠어  그래서 난 죽어도 못 보내  내가 어떻게 널 보내  가려거든 떠나려거든  내 가슴 고쳐내 아프지 않게 나 살아갈 수라도 있게  안 된다면 어차피 못살 거 죽어도 못 보내 아무리 니가 날 밀쳐도  끝까지 붙잡을 거야  어디도 가지 못하게 정말 갈 거라면  거짓말을 해  내일 다시 만나자고  웃으면서 보자고 헤어지잔 말은 농담이라고  아니면 난 죽어도 못 보내  내가 어떻게 널 보내  가려거든 떠나려거든  내 가슴 고쳐내 아프지 않게 나 살아갈 수라도 있게 안 된다면 어차피 못살 거 죽어도 못 보내 그 많은 시간을 함께 겪었는데 이제와 어떻게 혼자 살란 거야 그렇겐 못해 난 못해 죽어도 못 보내  정말로 못 보내  내가 어떻게 널 보내  가려거든 떠나려거든  내 가슴 고쳐내 아프지 않게 나 살아갈 수라도 있게  안 된다면 어차피 못살 거 죽어도 못 보내
휘성 (Realslow),결혼까지 생각했어,가요 / R&B/소울,My people hellow hellow hellow hellow My name is RealSlow come on and hellow hellow hellow hellow 걱정 말고 날 떠나가 Bye Bye 너 없다고 죽진 않아 Good bye 어서 좀 빨리 가 내가 달려가 널 가로막고 붙잡기 전에 우리 인연 여기까진 거야 분명 우린 운명 아닌 거야 어차피 우리 헤어질 테니 마지막 얘길 들어주겠니 너와 결혼까지 생각했어 같은 집 같은 방에서 같이 자고 깨며 실컷 사랑하려 했어 한 순간 물거품이 된 꿈 슬퍼서 Cry Cry Cry My people hellow hellow hellow hellow My name is RealSlow come on and hellow hellow hellow hellow 울컥울컥 차오르는 기억 눈물 없인 잊지 못할 추억 잠도 못 자고 퀭 한 눈으로  많이 울 거야 그리울 거야 너와 결혼까지 생각했어 같은 집 같은 방에서 같이 자고 깨며 실컷 사랑하려 했어 한 순간 물거품이 된 꿈 슬퍼서 Cry Cry Cry 나는 날 잘 알아 아마 난 못 참아 널 다시 찾아갈 거야 그땐 날 만나주지마 너와 결혼까지 생각했어 같은 집 같은 방에서 같이 자고 깨며 실컷 사랑하려 했어 한 순간 물거품이 된 꿈 슬퍼서 Cry Cry Cry My people hellow hellow hellow hellow My name is RealSlow come on and hellow hellow hellow hellow 이젠 정말 안녕 끝으로 꼭 듣고 싶던 사랑해 나 매일 듣던 말 못 듣고 Bye Bye Bye
더블에스501 (SS501),Love Ya,가요 / 댄스,"(형준) YEAH HERE WE GO ONCE AGAIN GUESS WHOS BACK, LETS GO THIS SONG IS ALL ABOUT YOU I REALLY HATE YOU BUT I LOVE YOU SO WHAT CAN I DO? NOW LISTEN (ALL) 너를 보면 아파, 숨이 너무 가파, 이젠 내손 잡아 (형준) 그 사람은 너를 사랑하지않는데 왜?  (ALL) WHY DONT YOU GET IT? BABY LET ME LOVE YA, LOVE YA, LOVE YA 내 전부를 걸어, 이 주문을 걸어,  WE CAN BE SO PERFECT (정민) 세상모두 적이된다해도 나는 안돼 (영생) 너 아니면 안돼  BABY LET ME LOVE YA, LOVE YA, LOVE YA * (규종) 오늘을 여태껏 기다렸어 미안해 간절히 바래왔어 날 빗겨갔던 니 오랜 사랑이 잔인하게 끝나기를 (영생) 그사람 잊어, 이젠 지워버려.  어차피 너하고는 어울리지 않는걸 (형준) SO BABY WONT YOU COME TO ME, ILL MAKE YOU MAKE YOU HAPPY (ALL) 너를 보면 아파, 숨이 너무 가파, 이젠 내손 잡아 (형준) 그 사람은 너를 사랑하지않는데 왜?  (ALL) WHY DONT YOU GET IT? BABY LET ME LOVE YA, LOVE YA, LOVE YA 내 전부를 걸어, 이 주문을 걸어,  WE CAN BE SO PERFECT (정민) 세상모두 적이된다해도 나는 안돼 (영생) 너 아니면 안돼  BABY LET ME LOVE YA, LOVE YA, LOVE YA  (정민) 처음엔 행복하길 바랬어  그게 비록 그사람 옆에서라도 믿었었어. 나 없이 행복하다면, 그걸로 충분했어 (현중) 하지만, 너의 눈물이보여. 너의 슬픔이 보여  아무리 참아봐도 안돼 이젠 지쳐 미쳐 (영생) I CANNOT LET IT GO, I GOTTA TAKE YOU 이게 우리 운명인걸 yeah (ALL) 너를 보면 아파, 숨이 너무 가파, 이젠 내손 잡아 (형준) 그 사람은 너를 사랑하지않는데 왜?  (ALL) WHY DONT YOU GET IT? BABY LET ME  LOVE YA, LOVE YA, LOVE YA 내 전부를 걸어, 이 주문을 걸어,  WE CAN BE SO PERFECT (정민) 세상모두 적이된다해도 나는 안돼 (영생) 너 아니면 안돼  BABY LET ME LOVE YA, LOVE YA, LOVE YA  (현중) 어떻게 넌 모르는데? 하필 그 사람인데?  너의 아픈사랑따윈 난 볼수없는데 (규종) 잊어, 니 가슴 멍들게하는 그런 나쁜사랑 이젠 집어쳐 Please! 아픈 너를 구하겠어 (형준) 거울에 비친 너의 눈물이 소리없이, 의미도없이 흐를때  내가슴은 완전히 찢어지는걸, I CAN CROSS OVER THE SEA. (규종) 나를 믿어줘, 하늘에 맹세할게  우린 마지막 사랑이 될테니까 YEAH (정민) 너를 보면 아파. (규종) 숨이 너무 가파.  (현중) 이 심장이 아파 (형준) 그 사람은 너를사랑하지않는데 왜?  (ALL) WHY DONT YOU GET IT? BABY LET ME  LOVE YA LOVE YA LOVE YA (ALL) 내 전부를 걸어, 이 주문을 걸어, WE CAN BE SO PERFECT (정민) 세상모두 적이된다해도 나는 안돼 (영생) 너 아니면 안돼 BABY LET ME LOVE YA, LOVE YA, LOVE YA LET ME LOVE YOU BABY! (형준) 안돼, 안돼, 너없인..."
이승기,정신이 나갔었나봐,OST / 드라마,  정신이 나갔었나봐 그땐 내가 어떻게 너를 떠나가    너만을 사랑해 정말 미안해 눈물만 흘러내려     정신이 나갔었나봐 그땐 내가 어떻게 너를 떠나가   너무나 보고파 네가 보고파 제발 날 용서해줘 정신이 나갔었나봐      후회해도 이미 늦었다는걸 알아 슬퍼해도 이젠 모두 소용없단 걸   바람이 불어오고 내 맘이 시려 와도 널 다시는 볼 수 없니    baby  나를 떠나가지마 oh baby 나는 너 하나뿐야   그대여 돌아와 날 꽉 안아줘 너 없인 견딜 수 없어     정신이 나갔었나봐 그땐 내가 어떻게 너를 떠나가    너만을 사랑해 정말 미안해 눈물만 흘러내려     정신이 나갔었나봐 그땐 내가 어떻게 너를 떠나가   너무나 보고파 네가 보고파 제발 날 용서해줘 정신이 나갔었나봐      사랑한단 말을 못했어 미안해서 고맙다는 말도 못했어 떠날까봐   come back to me my girl my girl 오늘밤 너 땜에 잠 못 이루고   baby  나를 떠나가지마 oh baby 나는 너 하나뿐야   그대여 돌아와 날 꽉 안아줘 너 없인 견딜 수 없어         정신이 나갔었나봐 그땐 내가 어떻게 너를 떠나가    너만을 사랑해 정말 미안해 눈물만 흘러내려     정신이 나갔었나봐 그땐 내가 어떻게 너를 떠나가   너무나 보고파 네가 보고파 제발 날 용서해줘 정신이 나갔었나봐   살며시 안아주고 싶어 살며시 입 맞추고 싶어   그대의 품에서 나 잠들고 싶어  
씨야 (SeeYa),미쳤나봐,가요 / 발라드,(후우 내사랑이 다해버렸나봐 미안해..) 우리 벌써 만난지 1년째 니가 전화를 안한지도 한달째 .... 오랫만에 걸려온 너의 목소리 우리 그만헤어지자고  나 없인 죽을것 같다면서 나만 사랑해준다면서  바람피면 용서못한다면서 그런 니가 난 너무 밉지만 가슴이 미쳤나봐 너에게 미쳤나봐  바보같은 이 사랑은 못나 결국 또 상처일텐데 가슴아 멈춰줘 날 세워져 다시 마음주지 않도록  사랑때문에 나 다치지 않도록  오늘은 내 생일 인거 아니? 니가 내게 준 선물은 이별이니 케잌위에 촛불을 혼자 켜고서 눈물만 흘리는 날 아니 친구들도 잘 헤어졌다고 그 사람 이젠 좀 잊으라고  남자들은 다 똑같은거라고 나를 설득하려 해보지만 가슴이 미쳤나봐 너에게 미쳤나봐  바보같은 이 사랑은 못나 결국 또 상처일텐데 가슴아 멈춰줘 날 세워져 다시 마음주지 않도록  사랑때문에 나 다치지 않도록  나도 나같은 여자를 이해하지 못한적 있어 하지만 이렇게 되버린 나를 어떻게 사랑에미쳤나봐눈물이미쳤나봐 너없인 정말 안되 니가 없인 난 안되 모든노래가사가 전부 내얘길하는것같아 누가그러더라 말하더라 사랑은 미친짓이라고 그래도 나는 너없인 정말 안되 이렇게 널 사랑하고 있어.
나르샤,삐리빠빠,가요 / 전체,"삐리빠빠 삐리빠빠 삐리빠빠 삐리빠빠  삐리빠빠 삐리빠빠 back back back back back 삐리빠빠 삐리빠빠 삐리빠빠 삐리빠빠  삐리빠빠 삐리빠빠 back back back back back 아니 무슨 이런 일이 다 알다가 모를 일이다 이건 진리인거다 슬픔도 기쁨도 없는 곳 좀 더 확 가도 탈이 안나는 여기 뭐라고 말해야 하나 ah ah ah (이 무서운 나의 bad bad dream 말이야) 말하면 믿기는 하나 ah ah ah (나 사실은 깨어나고 싶다고 말이지) 지친 사람들 내게로 지친 영혼을 내게줘 지우고 싶은 모든 기억을 지워줄께 what you want boy, what you want girl 나를 믿어봐, 내 안에다 너를 맡겨봐 삐리빠빠 삐리빠빠 삐리빠빠 삐리빠빠  삐리빠빠 삐리빠빠 back back back back back 삐리빠빠 삐리빠빠 삐리빠빠 삐리빠빠  삐리빠빠 삐리빠빠 back back back back back begin the show time be in the red sun 나쁜가슴이 멀리 날아간다 begin the show time be in the red sun 두 번 다시는 사랑할 수 없다 느낌이 오기는 하나 ah ah ah 내 말이 뭔지는 아나 ah ah ah (나 사실은 돌아가고 싶다고 말이지) 지친 사람들 내게로 지친 영혼을 내게줘 지우고 싶은 모든 기억을 지워줄께 what you want boy, what you want girl 나를 믿어봐, 내 안에다 너를 맡겨봐 삐리빠빠 삐리빠빠 삐리빠빠 삐리빠빠  삐리빠빠 삐리빠빠 back back back back back 삐리빠빠 삐리빠빠 삐리빠빠 삐리빠빠  삐리빠빠 삐리빠빠 back back back back back"
싸이 (Psy),Right Now,가요 / 댄스,오 매우 공격적인 음악 뭐야 이거 내 목에 기계소리 빼  2010 ONCE AGAIN PSY IS COMING BACK HELLO 남의 떡이 더 크고 남의 여자가 예쁘고 내가 하는 모든 것은 뭔가 좀 어설프고 그렇다고 죽을 수도 계속 이대로 살 수도 사투리로 짜투리로 늘어놓을 뿐이고 외쳐 외쳐 목이 터져라 외쳐 미치고 치고 팔짝 뛰고 심장 박동 뛰고 나를 걱정하는 댁은 대체 누구신데 신경 꺼 잊어 그리고 나서 뛰어 RIGHT NOW 180도 변해 돌고 돌고 지금부터 미쳐 볼란다 RIGHT NOW 63 빌딩위로 그리고 그 위로  지금부터 뛰어 볼란다 RIGHT NOW RIGHT NOW RIGHT NOW 웃기고 앉았네 아주 놀고 자빠졌네 혼자 북치고 장구 치고 아주 생 쇼를 하네 평생 일생 혹은 나의 이생  기죽지 않아 굴하지 않아 쿨 하잖아 YOU KNOW I'M SAYING 외쳐 외쳐 목이 터져라 외쳐 미치고 치고 팔짝 뛰고 심장 박동 뛰고  인생 뭐 있냐고 인생 뭐 있다고 저마다 존재하는 이유가 있다 RIGHT NOW 180도 변해 돌고 돌고 지금부터 미쳐 볼란다 RIGHT NOW 63 빌딩위로 그리고 그 위로 지금부터 뛰어 볼란다 RIGHT NOW RIGHT NOW RIGHT NOW 세상이 나를 속이고 모르는 게 사람 속이고 뺑뺑이 돌리고 안 봐도 비디오 인생은 독한 술이고 그래서 예술이고 수리수리수리 마술이고 원고 투고 쓰리고 RIGHT NOW 180도 변해 돌고 돌고 지금부터 미쳐 볼란다 RIGHT NOW  63 빌딩위로 그리고 그 위로  지금부터 뛰어 볼란다 RIGHT NOW 지금부터 미쳐볼란다 RIGHT NOW  63 빌딩위로 그리고 그 위로  지금부터 뛰어 볼란다 RIGHT NOW RIGHT NOW RIGHT NOW RIGHT NOW
서인국,사랑해 U,가요 / 발라드,가사 정보가 없습니다.
포맨 (4MEN),U,가요 / 발라드,"01. U 작사 : E-TRIBE 작곡 : E-TRIBE 편곡 : E-TRIBE, 장준호  시간이 멈춘 것 같아 내 두 볼을 꼬집고 심장이 멈춘 것 같아 내 입술을 깨물고 사랑에 빠진 것 같아 어쩔 줄을 모르고 마법에 빠진 것 같아 나는 숨을 쉴 수 없어 가슴이 터질 것만 같아 Luving U-U-U-U-U Luving U-U-U-U-U 널 사랑하다 너만 사랑하다 늙고 지쳐 쓰러져 버려도 Oh 난 Only U-U-U-U-U Only U-U-U-U-U-U Oh 다 주고만 싶은 내겐 오직 한 사람 Luving U 이제야 알 것만 같아 사랑이 뭔지 Ah 내 맘에 올 것만 같아 널 기다리고 있어 사진을 바라보다가 또 몰래 입을 맞추고 밤하늘 바라보다가 저 별을 따다 주고 싶어 네게로 달려가고 있어 Luving U-U-U-U-U Luving U-U-U-U-U 널 사랑하다 너만 사랑하다 늙고 지쳐 쓰러져 버려도 Oh 난 Only U-U-U-U-U Only U-U-U-U-U-U Oh 다 주고만 싶은 내겐 오직 한 사람 Luving U (쫒고 쫒아) 너만을 쫒아 (찾고 찾아) 너만을 찾아 (너를 찾아) 달려가 또 다시 Luving U-U-U-U-U Luving U-U-U-U-U 넌 누구보다 세상 누구보다 아름다워 너무나 눈부셔 Oh 난 Cause U-U-U-U-U Because U-U-U-U-U 난 누구보다 너무 행복하다 니가 있어 소리쳐 부른다 불러 Only U-U-U-U-U Only U-U-U-U-U-U 나 이렇게 고백해 제발 나를 받아줘 Luving U"
M4,널 위한 멜로디,가요 / 발라드,첫 눈에 반했다면 안 믿을까봐  사랑한다고 하면 부담스러울까봐 힘들어도 참고 마음을 감춰도  자꾸만 티가 나는 걸 어떡해 이제는 더는 참을 수가 없어서 더 이상 감추는 게 힘이 들어서 그댈 향한 내 맘 고백하고 싶어  내 진심을 가득 담아서 널 위한 멜로디 사랑의 멜로디  언제나 불러주고 싶은 이 노래 허락해줘 제발 받아줘요  내 맘 그 누구보다 더 잘할게 널 위한 멜로디 사랑의 멜로디  이 순간 나는 아무것도 부럽지 않아 그대만 있다면 나는 행복해  함께라면 충분하니까 아무리 말을 해도 부족하지만  내 맘을 표현하기엔 벅차지만 들어줘요 제발 사랑으로 채운  한 사람을 위한 이 노랠 널 위한 멜로디 사랑의 멜로디  언제나 불러주고 싶은 이 노래 허락해줘 제발 받아줘요  내 맘 그 누구보다 더 잘할게 널 위한 멜로디 사랑의 멜로디  이 순간 나는 아무것도 부럽지 않아 그대만 있다면 나는 행복해  함께라면 충분하니까 다른 사람 안 돼 난 오직 그대 뿐  그댄 나의 마지막 사랑 그대여 사랑해 정말로 사랑해  영원히 그대만을 사랑할게요 믿어줘요 제발 그대 없으면  난 하루라도 살 수가 없어 그대여 사랑해 정말로 사랑해  절대로 그대 마음 아프게 하지 않아 내 전부를 걸고 약속할게요  내 마음을 받아주세요 나 그대를 사랑해
포맨 (4MEN),못해 (Feat. 美),가요 / R&B/소울,이제는 밥을 먹어도  눈물 없이는 삼키지 못해 억지로 먹고 먹어도 속이  늘 허전해  노랠 들어도 흥얼대지도 못해 영화를 봐도 내가 뭘 본 건지  기억못해 밥도 잘 먹지못해  니가 생각날까봐 니 생각에 체할까봐  니가 떠난 후로  오늘도 눈물로 하루를 먹고 살아 버스도 타지못해  누가 날 욕할까봐 우는 날 놀려댈까봐  아무 것도 못해  너없인 나 혼자 살지못해 이제는 술을 마셔도  눈물없이는 마시질못해 아무리 병을 비워도  너만 더 생각해  살아서 뭐해 넌 내 곁에 없는데 혼자 뭘 어째  아무 것도 할 수 없는 난데 밥도 잘 먹지못해  니가 생각날까봐 니 생각에 체할까봐  니가 떠난 후로  오늘도 눈물로 하루를 먹고 살아 버스도 타지못해 누가  날 욕할까봐 우는 날 놀려댈까봐  아무 것도 못해  너없인 나 혼자 살지못해 너 없이 웃는 것도 난 못해 너 없이 걷는 것도 난 못해 아무 것도 아무 것도 못해 내겐 니 사랑이 필요해 혼자 살아서 뭐해  니가 더 잘 알잖아 너 없인 나 안되잖아 너 밖에 몰라서 너없인  밥조차 먹지 못하는 난데 차마 죽지도 못해  니가 돌아올까봐  언젠간 날 찾을까봐  아무 것도 못해  오늘도 내일도 너만 원해
CNBLUE (씨엔블루),사랑 빛,가요 / 락,그댈 보면 얼굴이 빨개지고 그댈 보면 가슴이 두근두근 아이처럼 수줍게 말하고 그댈 보면 괜시리 웃음이 나 바보처럼 자꾸만 그래 아마 내게 사랑이 온 것 같아 그대는 내 마음 속의 President 내 가슴의 별 수놓지 I'm Genie for you Girl 내 숨을 멎게 하지 그대가 원하는 건 다 너를 사랑하니까 내 사랑에 이유는 없잖아 You know 그대는 Darling 밤 하늘 별빛보다 아름다워요 내 맘속 깊은 곳에서 반짝거리는 나 만의 사랑 빛 그대를 사랑해요 Darling 언제나 내 곁에서 빛을 내줘요 매일밤 바라보고 바라봐도 아름다워요 그댄 나의 사랑 빛 그댈 보면 구름을 나는 기분 유치해도 자꾸만 그래 아마 내게 사랑이 온 건 가봐 그대는 Darling 밤 하늘 별빛보다 아름다워요 내 맘속 깊은 곳에서 반짝거리는 나 만의 사랑 빛 그대를 사랑해요 Darling 언제나 내 곁에서 빛을 내줘요 매일 밤 바라보고 바라봐도 아름다워요 그댄 나의 사랑 빛 그대는 Lovely 저 하늘 햇살보다 눈이 부셔요 내 맘속 어둔 곳까지 밝게 비추는 나만의 사랑 빛 그대를 사랑해요 Lovely 두 눈을 감아봐도 그대 보여요 이렇게 바라보고 바라봐도 눈이 부셔요 그댄 나의 사랑 빛
SHINee (샤이니),Hello,가요 / 댄스,이럴 때를 보면 나 어리기는 한가봐 눈 앞에 두고도 어찌 할 줄 몰라 어떻게들 사랑을 시작하고 있는지 사랑하는 사람들 말해줘요 언젠가 그녀 손을 잡아 볼 날 올까요 감은 두 눈 위에 Kiss하는 날도 와줄까요 Hello Hello 나름대로 용길 냈어요 Hello Hello 잠시얘기 할래요 Hello Hello 내가 좀 서툴진 몰라도 Who knows 어쩜 우린 잘 될지도 몰라 내가 다가서야 하는지 좀 더 기다려야 하는지 모두 다른 말을 하는 게 더 어려워 믿을 수 없겠죠 보기보다 눈이 높아요 이런 일 난 흔치 않아요 내 말 믿어줘요 yeah 아무렇지 않게 그녈 안을 날 올까요 생각한 대로 모두 이뤄진단 말 믿어요 Hello Hello 나름대로 용길 냈어요 Hello Hello 잠시얘기 할래요 Hello Hello 내가 좀 서툴진 몰라도 Who knows 어쩜 우린 oh yeah 처음은 아니죠 사실 말하자면 사랑도 이별도 해봤죠 하지만 어려워요 이 말을 믿어줘요 그대는 달라요 Hello Hello 이번엔 나를 다 걸게요 Hello Hello Ooh yeah Baby Baby Baby girl Hello Hello 지금은 어떨지 몰라도 Who knows 어쩜 우린 Hello 내 곁을 맴돈그 시간들을 계속 그 어떤 기쁨과도 비교 못해 No More 그댈 이젠 표현 할수 없고 내 손을 잡는다면 Never let you go 이런게 사랑이면 절대 안놓쳐 Who knows 우리 둘이운명일지 몰라 Hello Hello
아이유 (IU),여자라서,OST / 드라마,가득 고인 내 눈물 넘쳐 흐르기 전에 아무 말 하지 말고 뒤돌아가세요  그대 있을 자리가 내 곁은 아닌걸요 여자라서 여자라서 붙잡고 싶지만 사랑이 지나간 패여 버린 가슴에 언제쯤 새살이 상처위에 돋아 날까요 한 방울 두 방울 눈물로 그댈 지워갈게요  어느 날엔가 내눈물이 마를 때 까지 거짓말을 잘하죠 여자란게 그래요  붙잡고만 싶어도 떠나라하네요 그대있던 자리가 눈물로 다 젖어도  여자라서 여자라서 참아낼뿐이죠  사랑이 지나간 패여 버린 가슴에  언제쯤 새살이 상처위에 돋아날까요 한 방울 두 방울 눈물로 그댈 지워갈게요 아주 먼훗날 그눈물이 마를 때 까지 돌아보지 말아요 그대 얼굴을 보면  참지 못하고  떠나지 말라고 애원할지 몰라요  달래온 눈물이 터져버릴지도 몰라요 사랑은 알아도 이별은 정말 모르고 싶은  여자이기에 그게 나라는 여자예요
빅마마 (Big Mama),하루만,가요 / 발라드,혼자 길을 걸을 때 문득 니가 떠올라 고개를 떨구곤 해 세월에 날 맡긴채 여기까지 왔지만 니가 참 그립다 잘 지내니 다 잊었니 아직 너에 생각에 잠 못드는 나를 하루만이라도 잠시만이라도 내 곁으로 다시 돌아와줘 한없는 사랑에 나를 감싸주던 나만의 너란걸 뒤늦게서야 알았어 my destiny 하루 해가 저물고 밤이 깊어질 때쯤 그리움이 밀려와 떨쳐내려 할 수록 가슴 한구석까지 시리도록 아파 듣고 있니 기억하니 누구도 할 수 없는 우리 둘의 사랑 그저 하루만이라도 잠시만이라도 내 곁으로 다시 돌아와줘 한없는 사랑에 나를 감싸주던 나만의 너란걸 뒤늦게서야 알았어 my destiny Um 지독했던 이별도 서툰 사랑까지도 모두 멀리 떠나 보내자 다시 사랑하면 돼 조금도 막지 못할 사랑 바보같다해도 마지막까지도 니 곁에서 꿈을 꾸고 싶어 사랑해 사랑해 이 말로도 차마 채울 수가 없는 늦어버린 나의 고백 my destiny 하루만이라도 나를 
DJ DOC,나 이런사람이야,가요 / 랩/힙합,
린 (LYn),자기야 여보야 사랑아,가요 / 발라드,"커피 우유 빛 얼굴,  웃을 때 마다 날 녹이는 하트 모양 같은  가슴 뛰는 그 입술에 내 입술이 다가가  한껏 마음을 주면 살짝 내 손 잡아  나를 안아 주는 너야 너 솜털 같이 부드런 그 목소리로 내 귓가에 달콤히  사랑한다고 말 해주면 너무 좋아 나도 니가 좋아 내 자기야 내 여보야 내 사랑아 너를 생각하면 어쩌면  꿈을 꾸는 것 같아 내 자기야 내 여보야  내 하나뿐인 사람 나를 지켜줘  나를 빛나게 해줘요  사랑해요 사랑해요 가끔 나 토라질 때도  너의 따뜻한 눈 볼 때면  언제 맘 상했나  울었었나 하는 나야 너 천사 같이 다정한 그 목소리로 아이 달래주듯이  예쁜 표정 지어 줄 때면 너무 좋아 진심을 보여주는 너 내 자기야 내 여보야 내 사랑아 너를 생각하면 어쩌면  꿈을 꾸는 것 같아 내 자기야 내 여보야  내 하나뿐인 사람 나를 지켜줘  나를 빛나게 해줘요  사랑해요 사랑해요 곁에 있어도 내게  너는 그저 꿈같아 보는데도 보고 싶단 말들을  알 것 같아 날 꿈꾸게 하는 사람  이 세상 누구보다도 사랑스러워      참 감사해 함께 라서 난 행복해 내 자기야 내 여보야 내 사랑아 너를 생각하면 어쩌면  꿈을 꾸는 것 같아 내 자기야 내 여보야  내 하나뿐인 사람 나를 지켜줘  나를 빛나게 해줘요  사랑해요 사랑해요"
서인영,리듬속으로,가요 / 댄스,"리듬속으로  세상을 흔들어  재미없어 사는게 답답해. 갑갑해. 어제 오늘 내일이 다 똑같아. 재미없어 따분해. 다운된 기분에  이렇게만 살기에 난 소중해 One and Two and Three to the Four 음악을 들어, 몸을 흔들어. D.A.N.C.E on the floor 음악을 틀어, 크게 틀어. 리듬속으로 Yeah Yeah  Come on Yeah  리듬속으로 Yeah Yeah  Come on Yeah a - ha 세상을 흔들어  내 몸의 온도는 올라가고, 구름위를 걸어가고,  점점 나 미쳐가고 이제 나 뜨거워 이젠 안부끄러워  이게 나스러워 이제부터 여기서 리듬속으로 Yeah Yeah  Come on Yeah  리듬속으로 Yeah Yeah  Come on Yeah  재미없어 사는게 답답해. 갑갑해. 어제 오늘 내일이 다 똑같아. 재미없어 따분해. 다운된 기분에  이렇게만 살기에 난 소중해 One and Two and Three to the Four 음악을 들어, 몸을 흔들어. D.A.N.C.E on the floor 음악을 틀어, 크게 틀어. 리듬속으로 Yeah Yeah  Come on Yeah  리듬속으로 Yeah Yeah  Come on Yeah a - ha 세상을 흔들어  내 몸의 온도는 올라가고, 구름위를 걸어가고,  점점 나 미쳐가고 이제 나 뜨거워 이젠 안부끄러워  이게 나스러워 이제부터 여기서 춤을추고, 꿈을꾸고, 나의 이 몸짓으로 세상을 흔들고 리듬속으로  세상을 흔들어  리듬속으로  세상을 흔들어 리듬속으로"
민경훈 (버즈),아프니까 사랑이죠,가요 / 락,세상이 내게 미쳤다 말해도 멈출 수가 없네요 난 안돼요 사랑이 내게 거두라 말해도 그댈 단념할 수 없어요 사는 동안 처음이었죠 마지막이겠죠 나의 심장까지 파고든 사람 그댈 향해 가는 길 험난할 걸 알기에 외면하려고 몸부림쳤지만 아파야 사랑인 거죠 아프니까 사랑인 거겠죠 매일 눈물에 휩싸여도 가슴 부르터 갈라져도 난 이 사랑 놓지 못해요 그대라서 아픈 거겠죠 힘겨운 거겠죠 가장 소중한 걸 얻기 위해서 그댈 곁에 두는 일 사치란 걸 알기에 잊어보려고 발버둥 쳤지만 아파야 사랑인 거죠 아프니까 사랑인 거겠죠 매일 눈물에 휩싸여도 가슴 부르터 갈라져도 난 이 사랑 놓지 못해요 세상이 그댈 허락한 대신 나의 모든 걸 빼앗아 가도 그대 하나면 그대 하나면 돼요 사랑이 나를 미워해 더 아픈 벌 내게 내린대도 그댈 끝까지 지킬게요 그 벌 내가 다 받을게요 그대만은 울리지 않게
포맨 (4MEN) & 미 (MIIII),Here I am,OST / 드라마,Here I am 여기 Here I am  Here I am 내가 여기에 여기 있는데 Here I am 지금 Here I am Here I am 지금 여기에 내가 있는데 날 다줘도 모자라 날 버려도 모자라 내가 널 얼마만큼 사랑하는지를 모를거야 아마 넌 Here I am  Here I am 여기 Here I am Here I am 내가 여기에 여기 있는데 날 다줘도 모자라 날 버려도 모자라 내가 널 얼마만큼 사랑하는지를 같은 자리에서 널 기다릴께 날 욕해도 괜찮아 날 버려도 괜찮아 내가 널 얼마만큼 사랑하는지를 모를거야 아마 넌 Here I am 모를거야 아마 넌 Here I am
브라운 아이드 소울 (Brown Eyed Soul),똑같다면,가요 / R&B/소울,너 집으로 돌아오는  길 내 생각에  걸음이 무겁다면  아직은 내 맘을 잊지마  늘 우리가 함께  걷던 길  익숙함에  고개를 돌린다면  지금은 우리를 놓지마  마음이 아직 나를  기억해서 추억을  버릴 수 없다면  늦은 밤 슬픈 음악에  아파 잠 못 들고 있다면  내게로 돌아와  아무렇지 않은 듯  내 품에 안겨와  오랫동안 그랬듯  하루도 떠날 수가 없는  나의 맘과 똑같다면  누구를 만나 웃지도  못하고 멍하니  하늘만 본다면  닮은 목소리 스칠 때  마다 가슴이 아프다면  내게로 돌아와  아무렇지 않은 듯  내 품에 안겨와  오랫동안 그랬듯  하루도 떠날 수가 없는  나의 맘과 똑같다면  자꾸만 멀어져가  손에 잡히지 않아  기억이 하나  둘 너를 지워가  더 늦기 전에  너 제발 내 손을 잡아줘  내게로 돌아와  아무렇지 않은 듯  내 품에 안겨와  오랫동안 그랬듯  하루도 떠날 수가  없는 나의 맘과 똑같다면
이효리,Chitty Chitty Bang Bang (Feat. Ceejay Of Freshboyz),가요 / 댄스,Yeah-!! All my ladies and gents here comes stage Lee Hyori !! Are you ready to the one more-!? 너의 말이 그냥 나는 웃긴다 너의 말이 그냥 나는 웃긴다 너의 말이 그냥 나는 웃긴다 그냥 그냥 나는 나는 웃긴다 그 누구도 내게 간섭 마 다 똑같은 말도 하지 마 여기 나만의 것 Its my world 더 이상 이젠 나를 찾지 마 안간힘을 쓰고 있잖아 걱정따윈 필요 없어 난 어차피 나는 혼자 떠드는 네 숨만 차 그냥 모른 척 지나가 줘  쉬지않고 나는 계속 달려가 겁내지 말고 나를 따라와 조금 더 높이 날아가 (I can make you want me so) I can make you want me so 누구보다 나를 더 믿는 걸 못이기는 척 나를 따라와 gonna be the one that I want Chitty Chitty Bang Bang Chitty Chitty Bang Bang  너의 말이 그냥 나는 웃긴다 너의 말이 그냥 나는 웃긴다 너의 말이 그냥 나는 웃긴다 그냥 그냥 나는 나는 웃긴다 여기까지 혼자 왔어 나 손 내밀 때 어디 있었나 여기 나만의 것 Its my world (check) 그냥 나를 지켜 봐 사실 너도 나를 알잖아 나의 무대가 두렵잖아 퍽이나 위하는 척 내 걱정 해주는 척 차라리 그냥 지나가 줘 쉬지않고 나는 계속 달려가 겁내지 말고 나를 따라와 조금 더 높이 날아가 (I can make you want me so) I can make you want me so 누구보다 나를 더 믿는 걸 못이기는 척 나를 따라와 gonna be the one that I want Chitty Chitty Bang Bang Chitty Chitty Bang Bang  Chitty Chitty Bang Bang 넌 상대가 안돼 쓸데없는 참견말고 가던 길 갈래? 내 무대는 포 폭발해 널 미치게 만들어 더 큰일이 나기 전에 그냥 내 말 들어 너의 말이 그냥 나는 웃긴다 어디서 감히 그러다가 맞는다 내가 등장하면 All my lady is going down Calling my Name 너만 모르고 있잖아 나를 조정하길 바랐니 원하는 걸 돌려 달랬니 제발 정신차려 그대로다 차렷 거기까지 I can make it right 쉬지않고 나는 계속 달려가 겁내지 말고 나를 따라와 조금 더 높이 날아가 (I can make you want me so) I can make you want me so 누구보다 나를 더 믿는 걸 (난 나를 믿는 걸) 못 이기는 척 나를 따라와 (빨리 따라와) gonna be the one that I want Chitty Chitty Bang Bang Chitty Chitty Bang Bang 너의 말이 그냥 나는 웃긴다 너의 말이 그냥 나는 웃긴다 너의 말이 그냥 나는 웃긴다 그냥 그냥 나는 나는 웃긴다  
서인국,애기야 (My Baby U),가요 / 전체,정말 인형처럼 예뻐서  볼수록 사람 맞나 싶어 세상 누가 널 앞에 두고 귀여움을 말할 수 있어 너는 보석보다 소중해  감히 비교해서 미안해 너는 날개를 감춘 천사 갑자기 날아갈까 겁나 내가 아주 너 땜에 산다  거짓말이 아니야 사랑해 사랑해  이 말로는 부족해 사랑스러워 넌 나의 애기야 너무 귀여워 넌 나의 애기야 정말 요리보고 조리봐도 어쩜 넌  깨물고만 싶어 꼬집고만 싶어 넌 나만의 Baby 영원한 나만의 자기 아주 꼭꼭 숨겨놓고선 나만 볼래  가끔 정신을 쏙 빼놓는  너의 애교에 온몸이 녹아 일부러 울려보고 싶어  그래도 예쁠지 궁금해 이건 병이라면 병이야  네 목소리 없인 난 못 자 네 꿈 없이도 잠을 못 자  행복이란 이름의 큰 병 내가 아주 너 땜에 산다  거짓말이 아니야 감사해 감사해  이 말로는 부족해  사랑스러워 넌 나의 애기야 너무 귀여워 넌 나의 애기야 정말 요리보고 조리봐도 어쩜 넌  깨물고만 싶어 꼬집고만 싶어 넌 나만의 Baby 영원한 나만의 자기 아주 꼭꼭 숨겨놓고선 나만 볼래 Rap) 보면 볼수록 더 좋은 걸  나 하루종일 네 생각만 하는 걸 너를 보면 너무 행복해져  나도 몰래 내 입술은 (사랑해 U)  U U U 이젠 네가 대답 할 차례  매일 들어도 듣고 싶어 어떡해 Stop Please tell me Baby (I love you) 사랑스러워 넌 나의 애기야 너무 귀여워 넌 나의 애기야 정말 요리보고 조리봐도 어쩜 넌  깨물고만 싶어 꼬집고만 싶어 넌 나만의 Baby 영원한 나만의 자기 아주 꼭꼭 숨겨놓고선 나만 볼래  나만 볼래  나만 볼래 Babe 
언터쳐블,가슴에 살아 (Feat. 나르샤 Of Brown Eyed Girls),가요 / 랩/힙합,"난 너 때문에 숨쉬고 난 너 때문에 웃는 사람  Please come back to me Please come back to me  Please come back to me Girl~  I can't Breath I can't smile everyday so because of you  I can't sleep I can't live every time so because of you  아직 너를 향한 내 맘은 숨이 가빠지게 뜨거워  허나 나를 향한 네 맘은 숨이 멎어지게 차가워  난 너의 사랑에 메말라  건조해져 버린 내 맘에 유일한 수분은 눈물 지쳐가며 흘리죠  햇살 같은 미소에 벗어나기 힘들고  이별은 예고 없이 아픔을 퍼부은 소나기  아직 뜨거운 내 가슴엔 넌 살아 숨 쉬고 있어  널 향해 내 심장은 밤새도록 계속 뛰고 있어  그대 때문에 숨을 쉴 수 있어요  그대 때문에 웃을 수가 있어요  참 이상하게 웃어도 눈물이 흘러요(바보처럼)  그대는 아직 내 가슴에 살아요  그대 가슴엔 내가있나요?  나 사는 동안 (숨쉬는 동안) 나 그대를 잊지 못해요...  난 너 때문에 숨쉬고 난 너 때문에 웃는 사람  난 너 때문에 아프고 난 너 때문에 우는 사람  I can't Breath I can't smile everyday so because of you  I can't sleep I can't live every time so because of you  차가운 겨울바람처럼 시리고 아픈 이별들은  돌고 도는 계절처럼 또 다시 내게로 밀려왔어  따스한 봄날처럼 아픔다웠던 기억  무덥던 지난날에 여름처럼 뜨겁던 우리는 없어  힘없이 떨어지는 낙엽처럼 사랑은 죽어갔고  오지 않을 것 같던 겨울은 결국 내게로 찾아왔어  사람은 차가운 사랑을 할 운명인걸  사랑을 나는 못 믿어 이젠...  그대 때문에 숨을 쉴 수 있어요  그대 때문에 웃을 수가 있어요  참 이상하게 웃어도 눈물이 흘러요(바보처럼)  그대는 아직 내 가슴에 살아요  그대 가슴엔 내가있나요?  나 사는 동안 (숨쉬는 동안) 나 그대를 잊지 못해요...  난 너 때문에 숨쉬고 난 너 때문에 웃는 사람  난 너 때문에 아프고 난 너 때문에 우는 사람  내가 잘못한 게 있으면 용서해줘 배로 갚을게  다시 만날 수만 있다면 어떤 일이든 다 할텐데 아직도 그댈 잊을 수가 없어요  그대 흔적은 지워지질 않아요  참 꿈만 같던 우리의 소중한 추억만 (쌓여가요)  아직도 그댈 기다리고 있어요  그대는 지금 어디 있나요  참 이상하죠 (시간이 가도) 웃어도 눈물만 흘러요...  Please come back to me, Please come back to me  Please come back to me Girl~"
에픽하이 (EPIK HIGH),Run,가요 / 랩/힙합,"Run run run away..  아무리 도망쳐봐도  벗어날수 없어  Run run run away..  달리다 뒤돌아봐도  난 그대로 있어  눈 앞이 검어 세상은  너무나도 빨리 걸어  나만 두 다리 절어  갈길이 한없이 멀어  이 길의 끝엔 뭐가 있을까? (난 알고 가는가?)  그냥 눈 감은 채  이끌려 간다면 더 빠를까  이런 나의 질문에  늘 답이 없는 나는  일상속에 묶인 두 팔로  꿈조차도 못 잡을  만큼 무거워 겁이나  다 지쳐 버린 나  오늘 하루만 미친 척  달려버려 어딘가  하늘에 손이 닿을 때까지  달려 가  가슴에 꿈이 찰 때까지  달려 가  Everybody Run!  Run! Run! Away  아무리 도망쳐봐도  벗어날수없어  Everybody Run!  Run! Run! Away  달리다 뒤돌아봐도  넌 그대로 있어  You Got me Running  Running Running around  Down Down Down  You tell me Running  Running Running around  Down Down Down  You Got me Running  Running Running around  Down Down Down  No Way  아무리 달려봐도 제자리에  Run...run..  내 삶은 365일  비가 쏟아지는 밤  24시간속에 좁아지는 맘  작은 여유의 쉼표도,  그 꼬리를 감추고 날 맞추고  은밀한 마침표. 가 되지만  (아침을 짊어지고 달려)  뭘 향해 뛰는건지..  해가 지는건지..  내가 지는건지..  I dont know  but I dont give up  run it run it run it now  거대한 은하수가 버린  어린 별인 나  하늘에 손이 닿을 때까지  달려 가  가슴에 꿈이 찰 때까지  달려 가  Everybody Run!  Run! Run! Away  아무리 도망쳐봐도  벗어날수없어  Everybody Run!  Run! Run! Away  달리다 뒤돌아봐도  넌 그대로 있어  You Got me Running  Running Running around  Down Down Down  You tell me Running  Running Running around  Down Down Down  You Got me Running  Running Running around  Down Down Down  No Way  아무리 달려봐도 제자리에  You Got me Running  Running Running around  Down Down Down  You tell me Running  Running Running around  Down Down Down  You Got me Running  Running Running around  Down Down Down"
2PM,I'll Be Back,가요 / 댄스,I’ll be back 넌 다시 나를 찾을 거야. 그때 다시 내가 올 거야. 그 누구도 너를 나보다 사랑 할 순 없기에. 갑자기 이럼 어떡해 난 어떻게 하란 말야 네가 도대체  어떻게 이래 난 네가 날 영원히 사랑할거란 말 믿었단 말야.  약속했잖아 영원히 변하지 말자고 우리는 분명 맺어진 짝이라고 분명히 맞다고. 네가 그렇게 얘기했잖아. I’ll be back 넌 다시 나를 찾을 거야. 그때 다시 내가 올 거야. 그 누구도 너를 나보다 사랑 할 순 없기에. You’ll be back 너는 다시 돌아 올 거야 그래서 널 보내는 거야 나는 알아 네가 나 없인 못산단 것을 I’ll be back. 넌 난 우린 헤어질 수 가 없어 네가 착각을 하나 봐 이건 누구나 한번쯤 겪는 고비일 뿐이야 정신차려. 다시 생각해 아무리 말을 해 줘봐도 이미 넌  말을 듣지 않아 메아리로 돌아오잖아  Listen baby girl  그래 돌아서줄게 멋지게 남자답게 놓아줄게 그리고 널 귀찮게 하지 않게 말없이 저 뒤에서  죽은 듯이 서서 바라볼게 너는 모르게 그냥 멀리서  아주 많이 떨어져서 나의 존재를 네가 완전히 잊어버리게 UH~  But you better know that I’m not giving you away Will I ever stop waiting no way It’ll be the same in my world I’m your boy You’re my Girl. 잠깐 그댈 보내지만 난 네가 다시 돌아올 거란 걸 알아 그러니 걱정 말아 네가 쓰러질 때 I’ll be back.
명콜 드라이브 (박명수 & 니콜),고래,가요 / 댄스,아야야 고래 고 래 앗 차 차 차가워  시원한 바다 소리 앗 따 따 따가워  뜨거운 너의 시선 울긋불긋 오 부 끄러워서 고래 고래 고래  소리를 지를거야 앗 짜 짜 너무짜  짜릿해 놀란 표정 앗 파 파 파도가  거세게 밀려 온다 우리 모두 다 소릴 높혀서 고래 고래 고래 질러보자 Hey Hey Hey Shawty I wanna make it yeah Shake Shake Shake baby I got u  shake it shake it Hey Hey Hey Shawty I wanna take it yeah Shake Shake Shake baby I got u uh 하얀 모래와 저 푸른 바닷가 붉게 물들은 저 녁 하늘도 널 위해 모두 준비됐어 어때 멋지지 내 가 좀 하지  (뭘봐) 너무 설레여 떨 려와 어떡해 넌 내가 찾던 그 남자야 Oh my god Oh my heart 어쩜 이럴수가 너무 완벽 완벽 완벽해 야아야야 소리쳐봐 앗 차 차 차가워  시원한 바다 소리 앗 따 따 따가워  뜨거운 너의 시선 울긋불긋 오 부 끄러워서 고래 고래 고래  소리를 지를거야 앗 짜 짜 너무짜  짜릿해 놀란 표정 앗 파 파 파도가  거세게 밀려 온다 우리 모두 다 소릴 높혀서 고래 고래 고래 질러보자 Hey Hey Hey Shawty I wanna make it yeah Shake Shake Shake baby I got u  shake it shake it Hey Hey Hey Shawty I wanna take it yeah Shake Shake Shake baby I got u uh 몰래 딴 여자 보다  딱 걸렸어 어째 시큰둥  찌 뿌둥 용서해 몰래 살짝쿵 다 가가서 애교 부리지  꼭 안아주지 (웅) 어디 좀 봐봐  얼마나 예쁜데 뭘 그리 한눈을 파는지 어머나 어머나  정말 별꼴이야 너무 후끈 후끈 후끈대 야아야야 이리 와봐 앗 차 차 차가워  시원한 바다 소리 앗 따 따 따가워  뜨거운 너의 시선 울긋불긋 오 부 끄러워서 고래 고래 고래  소리를 지를거야 앗 짜 짜 너무짜  짜릿해 놀란 표정 앗 파 파 파도가  거세게 밀려 온다 우리 모두 다 소릴 높혀서 고래 고래 고래 질러보자 오래 오래 우리 두리 고래 고래 질러봐 Ya Ya Ya 오래 오래 우리 두리 고래 고래 질러봐 Ya Ya Ya Ya
씨야 & 다비치 & 티아라 (T-ara),원더우먼,가요 / 댄스,*여자들아 기죽지 마라 당당하게 외쳐라 남자들아 비켜라  여자들의 의리가 더 멋있잖아 사랑보다 강하잖아   사랑에 차여도 괜찮아 세상의 반은 남자이니까  그깟 이별쯤 그깟 눈물쯤 얼마든지 부딪혀도 괜찮아    엣지있는 핸드백을 메고 제일 아끼는 예쁜 옷 입고 자주 가는 Bar에 모여 마티니 한잔을 마시는 거야  사랑은 유행가보다 더해 빠르게 변하잖아 사랑에 실패해도 우리들만 있으면 괜찮아  *REPEAT  RAP1] Going to the movies Going to the zoo Going to the beach Going to the party  세련된 여자들의 Party 섹시한 여자들의 Story 스타일 있게 살아갈래 자유롭게 즐겨볼래 Uh    사랑한 기억 모두 없애고 가슴에 추억들을 지우고  시간이 흐르는 대로 바쁜 생활을 넌 즐기는 거야     언젠가 세월이 흐른 뒤에 지금을 생각하면 우리 함께 웃으며 얘기 할 수 있을지도 몰라   *REPEAT    바보 같은 짓이야 쓸데없는 일이야 이별이 뭐 대수니   이제 더 이상 눈물 따윈 아껴둬 웃을 날이 더 많잖아   미치도록 너를 즐겨봐 세상 앞에 널 구속하지마  생각한대로 맘 가는 대로 너를 위해 사는 거야 널 위해  RAP2]  Pretty sweet hot girl Pretty sweet hot girl   이제는 차가운 눈물 씻고 널 위해 화장을 하고 니 삶을 즐겨볼래 Pretty girl Pretty girl
원더걸스,2 Different Tears,가요 / 댄스,Gave me 2 different tears 너 때문에 난 기뻐서 울었고 슬퍼서 울었어 So I hate you So I love you So I hate you So I love you  난 너 없이 살아가는게 왜 아직도 이렇게 힘든지 더이상 부은 눈으로 눈뜨긴 싫어 이젠 잊고 싶어 그래서 니가 준 아픔 생각해 너 때문에 흘린 눈물 생각해  그런데 왜 자꾸만 행복했던 순간만 떠올리고 있는지 모르겠어 Gave me 2 different tears 너 때문에 난 기뻐서 울었고 슬퍼서 울었어 So I hate you (but the love you gave me was so so good) So I love you (but the pain you gave me was so so bad) 왜 아직도 너 때매 눈물 흘리는지 내가 너무 싫어 얼마나 더 상처를 입어야 난 너를 미워할 수 있을까 그래서 니가 준 아픔 생각해 너 때문에 흘린 눈물 생각해  하지만 그럴수록 밀어내려 할수록 니 모습은 더 가까이 다가와 Gave me 2 different tears 너 때문에 난 기뻐서 울었고 슬퍼서 울었어 So I hate you (but the love you gave me was so so good) So I love you (but the pain you gave me was so so bad) Why do I still feel this way when I know there's nothing Left to say  차라리 몰랐으면 좋을걸 지워버리고 싶어 널 내 자신에게 미워하라고 널 기억하라고 그 상철 But I for some reason why Still miss you no matter how hard I try Gave me 2 different tears 너 때문에 난 기뻐서 울었고 슬퍼서 울었어 So I hate you (but the love you gave me was so so good) So I love you (but the pain you gave me was so so bad) Gave me 2 different tears 너 때문에 난 기뻐서 울었고 슬퍼서 울었어 So I hate you (but the love you gave me was so so good) So I love you (but the pain you gave me was so so bad)
먼데이 키즈 (Monday Kiz),흩어져,가요 / R&B/소울,한참을 보고있었죠 그대가 떠난 자리에 내 가슴이 남아 굳은 입술로 그댈 불러 울었죠 걱정이 된다 보고 싶단 말도 못하고  나를 버린 그대가 또 미워요 이렇게 울다가 비가 오면 멍든 가슴이 멈출까 떠난 가라는 말이 먼지가 되어 흩어졌으면 좋겠어 다시는 붙지 못하기에 흩어져 흩어져요 사랑이 떠나간 후에 빗물처럼 니가 번져와 가지말아요 가지말아요 제발 뚜루루루루 뚜루루루루 멍하니 보고있었죠 남겨진 사진 한장에 내 가슴이 울어 가지말라고 애원해도 아파요 우리사랑은 말라버린 선인장처럼 가시만 남은채로 또 굳어가 이렇게 울다가 비가 오면 답답한 가슴만 떠나가라는 말이  먼지가 되어  흩어졌으면 좋겠어 다시는 붙지 못하기에  흩어져 흩어져요 사랑이 떠나간 후에 빗물처럼 니가 번져와 가지말아요 가지말아요 제발 뚜루루루루 뚜루루루루 손을 뻗어 닿을래요 다시 나타나준다면 널 따스히 안을텐데 간절히 바래보면  다시 올까 돌아오라는 말이 들리질 않아 벽이 쌓여져 버렸어 아무도 보이지 않기에 한번만 나를 봐요 그대가 떠나서 울고 울다 지친 나의 가슴이 돌아오라고 돌아오라고 제발 뚜루루루루 뚜루루루루 떠나가라는 말이 먼지가 되어 흩어졌으면 좋겠어 다시는 붙지 못하기에 흩어져 흩어져요 사랑이 떠나간 후에 빗물처럼 니가 번져와 가지말아요 가지말아요 제발 뚜루루루루 뚜루루루루
f(x),NU 예삐오 (NU ABO),가요 / 전체,나 어떡해요 언니 내 말을 들어봐  내 그 사람을 언니 모르겠어요  참 엉뚱하다 맨날 나만 놀리지 내가 정말 예뻐 그렇다는데  독창적 별명 짓기 예를 들면 꿍디순디 맘에 들어 손 번쩍 들기 정말 난 NU 예삐오  Mysteric Mysteric 몰라 몰라 아직 나는 몰라  기본 기본 사랑공식  사람들의 이별공식  Hysteric Hysteric 달라 달라 나는 너무 달라  내 맘대로 내 뜻대로  좋아좋아 NU 예삐오  나나나나 나나나 나나나 나나나나나 나나나나  나나나나 나나나 나나나 나나나나 난 NU 예삐오  내 말 들어봐요 언니 I'm in The Trance  지금 이 감정은 뭐죠 난 처음인데  가슴 두근두근 마치 꿈꾸는 듯  난 구름위를 둥둥 사랑인가봐  딱 세 번 싸워 보기 헤어질 때 인사 않기  보고 싶은 나 생각 들 땐 커플링 만져보기  Mysteric Mysteric 몰라 몰라 아직 나는 몰라  기본 기본 사랑공식  사람들의 이별공식  Hysteric Hysteric 달라 달라 나는 너무 달라  내 맘대로 내 뜻대로  좋아좋아 NU 예삐오  나나나나 나나나 나나나 나나나나나 나나나나  나나나나 나나나 나나나 나나나나 난 NU 예삐오  사랑에 빠진 건 너무 멋진 일인데  나만의 감정을 모두 주고 배로 받는 것 새롭게 좀 튀게 멋진 꿈을 키워 가는 것  Mysteric 예삐오 그건 모두 다 나인걸  바로 나란 Girl 우 What you what you call What you what you  what you call Yes This is how we do it Our love f-x Yeah Yeah Yes This is how we do it pure love f-x Yeah Yeah Yes This is how we do it brand new love f-x 이런 모습 어때 이게 난 걸 어떡해  내 곁에 네가 있어 특별한건데 Yeah  Mysteric Mysteric 몰라 몰라 아직 나는 몰라  기본 기본 사랑공식  사람들의 이별공식  Hysteric Hysteric 달라 달라 나는 너무 달라  내 맘대로 내 뜻대로  좋아좋아 NU 예삐오  나나나나 나나나 나나나 나나나나나 나나나나  나나나나 나나나 나나나 나나나나나 나나나나 Yeah Yeah Yeah This is how we do it pure love f-x Yeah Yeah Yes This is how we do it brand Nu ABO
JK 김동욱,하얀눈물,가요 / 발라드,외롭다는 건 홀로여서가 아니지 둘이 있어도 허전함이란 여전해 매일 같은 생활 속에 미쳐버리던 그 순간 휘청이는 불빛 넘어  흐릿하게 다가오는 향기 그녀 감았던 눈 위에 입술이  그리고 숨소리 그 소리 아무도 모르게 허리를 감싸던  내 손이 다시 그 안에 빨려 들어가 이 순간을 영원처럼 닫힌 어둠을 입술로 나도 몰래 미끄러져 빨려드는  치명적인 순간 그 미래 감겼던 어둠에 눈물이  그리고 숨소리 그 소리 새하얀 다리를 감싸던  내 손이 그 안에 다시 또 빨려가 니속에 들어가 you won't be alone  니 맘에 들어가 you won't be alone  가슴에 들어가 you won't be alone  뇌속에 들어가 you won't be alone 멈추지 말라며 you won't be alone  내 등을 핧퀴던 you won't be alone  니뺨에 눈물이 you won't be alone  다시 또 흘러 내려와 너의 향기 자욱해진  이 방에서 이제 너는 타인 등 뒤로 황홀한 눈물만이 방안 가득히 감겼던 어둠에 향기가  그리고 숨소리 그 숨소리 아무도 모르게 내 몸을 감싸던  니 손이 다시 또 다가와 내 속에 들어와 you won't be alone  내 맘에 들어와 you won't be alone  가슴이 가빠와 you won't be alone  터질듯 들어와 you won't be alone 멈추지 말라던 you won't be alone  광기의 어둠이 you won't be alone 뜨거운 눈물이 you won't be alone  다시 또 흘러 흘러 내려와 타고 흘러내린다 어둠이 뜨겁게 타오른다
티아라 (T-ara),왜 이러니,가요 / 댄스,왜 이러니 작곡 김도훈 이상호 작사 이은진 편곡 이상호 왜 이러니 왜 이러니 왜 이러니  눈을 깜박깜박 맘이 찌릿찌릿 떨리니  숨 막히니 애타니 내게 푹 빠졌니  Oops Oops Baby 볼이 뜨거뜨거 핫뜨거  아니라니 딴소리 정말 이럴꺼니    *Oh Oh Oh Oh Oh Oh Oh 너를 사랑해 Like crazy  Oh Oh Oh Oh Oh Oh Oh 터질것 같은 니 맘을 보여줘  **왜 이러니 왜 이러니 정말 왜 왜 왜 이러니  어떡해 답답해 그만 내게 내게 왜이래  알잖니 알잖니 내 맘 다 다 다 알잖니  사랑해 좋아해 이제 내게 말해 바보야    ***Knock Knock Knock Knock Can you hear me now  Knock Knock Knock Knock Just wanna love you now  welcome to your wonderland  everyday I Knock Knock Knock Knock Knock Knock Love me Love me Baby 매일 너만 너만 생각해  달콤한 Kiss! S.O.S! 나를 구해줘 Boy  Call me Call me Baby 가슴 두근두근 목소리  녹아내려 아찔해 내게 빠져봐 Boy  *REPEAT **REPEAT ***REPEAT RAP] 왜 또 장난쳐 그러다 다쳐   우리를 우연쯤이라고 생각하지마  You're my boy 운명을 거스르진마  오늘도 역시 Baby Knock Knock Knock Knock Knock Oh  You know my style 계속 이러면 아무리 잡아도 Say good bye  왜 이러니 왜 이러니 왜 이러니  **REPEAT Knock Knock Knock Knock Can you hear me now  Knock Knock Knock Knock Just wanna love you now  Can you hear my knock knock All I want is you you  Knock Knock Knock Knock ***REPEAT Knock Knock Knock Knock
이승기,사랑이 술을 가르쳐 (Feat. 백찬 From 8eight),가요 / 발라드,끝까지 넌 참 많은걸 가르쳐 내가 몰랐던 것들을 알게 해  어쩌면 나를 버리고 떠나서도 계속 내 주변을 맴도는 듯해 사랑을 가르쳐 기쁨 알게 하고 이별을 가르쳐 눈물 알게 하고 알고 싶지 않던 것도 알게 해 너 때문에 못하던 술을 해 관심 없던 노랫말이 들려 잊고 싶어 술을 마시고  술 마시면 또 보고 싶어 왜 잊는법은 안 가르치고 떠난 거야 끝까지 넌 정이 너무 많아서 이다지도 많은것을 남겨줘 추억을 남기고 날 울게 하고 상처를 남기고  아프게 하고 고칠 수 없는 마음에 병을 줘 너 때문에 못하던 술을 해 관심 없던 노랫말이 들려 잊고 싶어 술을 마시고 술 마시면 또 보고 싶어 왜 잊는법은 안가르치고 떠난 거야 내 몸이 망가지는 걸 느껴 (yeah) I am a loser 내 얼굴에 낯빛은 점점 더 어두워져 눈시울이 또 젖어 그 기운이 너무나 또 퍼져 내 뼛속까지 시리게 만들어  제발 좀 살려줘 내가 알게 없는 행복까지 네가 알려줬잖아 내겐 없던 행복일 지라도 이젠 없어선 안 되잖아 갑자기 네가 없어지니까 뭘 해야 될지 몰라 그저 뭣보다 네가 보고 싶다 단 하루도 제정신이 아냐 술 없이는 난 살수가 없어 술잔 위에 너를 띄우고  눈물로 다시 너를 지워 왜 잊는법은 안 가르치고 떠난 거야 왜 잊는법은 안 가르치고 떠난 거야
보아 (BoA),DANGEROUS,가요 / 댄스,"장난치지 말고  속이려 들지 말고 서투른 변명 말고 hurry up hurry up 고백해 이기적, 네가 원 하는 대로만  또는 달콤한 love 순간의 유혹에 미쳐 빠져있어  헤어나올 수 없을 만큼  너무 멀리 갔어 이미 넌 Dangerous experience  상처만 남은 Dangerous  Experience     앞뒤 맞질 않지 넌 내 손안에 있지 넌 참 빤하게 보이는 습관적 거짓말 늘어놔 지겨워 사소한 호기심에 시작해 다시는 no~ 아니라는 말 이젠 널 믿지 않아  다 내 맘대로 너란 것  다 지워버려 내 뜻대로  Dangerous Experience  또 하날 배워 Dangerous Experience 힌트를 주자면  네가 내게 한 만큼만 기억해 쉽게 나를 봤다면  후회 따위 너의 home work *Repeat"
에이트 (8eight),이별이 온다,가요 / 발라드,사랑해 (사랑해) 떠나지마 (미안해) 니가 없으면 난 (내가 없어도 넌) 아무 것도 아니야 (괜찮아) 사랑해 (사랑해) 제발 내게 이러지마 어떻게 니가 날 떠날 수 있어 뒷문을 열고 들어오는 널 보는 순간 알았어 니 표정만 봐도 단 1초뿐이라도 다 아는 그런 나라서 할말이 있단 심각한 목소리 내게 무슨 말이 하고 싶었는지 다 알아서 난 너무 듣기가 싫었어 그 순간을 미루고 싶었어 난 자꾸 딴청을 피우고 되지않는 우스운 얘기들로 너와의 입을 애우고  아무 것도 모르는 척 계속 화제를 옮겨봐도 하지만 난 알아 이별이 온다 마지막이 온다 이제 익숙해져야 할 그 눈물이 흐른다 너만을 위해 썼던 말 하지만 소용없는 말 알면서 되뇌인다 사랑해 이제는 말은 되도 의미가 없어 너를 사랑한다는 말 아무리 소리쳐도  니 귓가엔 들리지도 않을 말 더 이상은 말을 마 내맘이 네게 말해도 그 말을 되풀이 하게 돼 넌 그만 하래도 (그런 날 뒤로 한채 일어나려고 하는 너를) 가는 너를 (붙잡고 늘어진 채 바보처럼 또 사랑해란 말을 해) 나는 울어도 넌 웃으라고 짜증섞인 너의 표정을 어떻게든 지워보려 해 이별이 온다 마지막이 온다 이제 익숙해져야 할 그 눈물이 흐른다 너만을 위해 썼던 말 하지만 소용없는 말 알면서 되뇌인다 사랑이 간다 내 사랑이 떠난다 내겐 하나뿐인 사랑 그녀가 날 버린다 눈물이 자꾸 흘러도 창피한 줄도 모르고 자꾸만 되뇌인다 사랑해 (미안해 날 잡지마) 사랑해 (내가 없이도 넌) 니가 없으면 난 (행복하길 바랄게) 아무 것도 아니야  미안해(사랑해) 제발 좋은 여자 만나  이렇게 나쁜 날 잊어버려줘 사랑해 사랑해
티아라 (T-ara),yayaya,가요 / 댄스,U look at me Right T-ARA U Ready  *Let me seeya LaLaLaLa Love me hey YaYaYaYa Shubidubi ShaLaLaLaLa 우리 둘이 YaYaYaYa  Let me seeya LaLaLaLa Love me hey YaYaYaYa  Shubidub Su Supa Nova  지글지글 불꽃처럼 뜨거워져 Hot Hot  빙글빙글 어지러워 눈이부셔 Ah Ah  Yo ma Yo ma Lova Lova  Yo ma Yo ma Supa Nova U Hee U U Hee  Let me seeya LaLaLaLa Love me hey YaYaYaYa  니 앞에선 (Oh) 너무 작아져서 (Oh) I like U  Shubidubi ShaLaLaLaLa 우리 둘이 YaYaYaYa 난 너만보여   U Hee U U U U U U U U Hee Hee Hee Hee Hee   **Oh Go it Go it Go it Go Go it Go Go it Go  고이접어 내 가슴에 꼭 담아 Ah Ah   우리 둘이 Do it Do Do it Do Do it Do  너를 위해 던져줄래 꽃다발 Ah Ah  Ah Ah Ah Go it Go it Ah Ah Ah Do it Do it  Ah Ah Ah Go it Go it Go it Go Go it Go  Many Many Many 이따만큼 이따만큼 또   두근 두근 두근대 또 떨리네 Go it Go it Go  *REPEAT 이글이글 타오르는 내 눈을봐 Hot Hot   흔들흔들 흐트러진 내 몸을봐 Ah Ah  Yo ma Yo ma Lova Lova  Yo ma Yo ma Supa Nova U Hee U U Hee  Let me seeya LaLaLaLa Love me hey YaYaYaYa  빠져들어 (Oh) 정말 미치겠어 (Oh) My good boy   Shubidubi ShaLaLaLaLa 우리 둘이 YaYaYaYa 난 너만보여   U Hee U U U U U U U U Hee Hee Hee Hee Hee   **REPEAT RAP] Let me seeya LaLaLaLa Love me hey YaYaYaYa  U make me go LaLaLaLa Baby boy U So Hot Hot Hot  Ha Ha U & Me 단 둘 Yes We 우리만의 P.A.R.T.Y 두근거리는 심장이 계속 외쳐  Oh Go it Go it Go it Go Go it Go Go it Go  고이접어 내 가슴에 꼭 담아 Ah Ah   우리 둘이 Do it Do Do it Do Do it Do  너를 위해 던져줄래 꽃다발 Ah Ah  Ah Ah Ah Go it Go it Ah Ah Ah Do it Do it  Ah Ah Ah Go it Go it Go it Go Go it Go  Let me seeya LaLaLaLa
성시경 & 아이유,그대네요,가요 / 발라드,그대네요 정말 그대네요 그 따뜻한 눈빛은 늘 여전하네요 이제야 날 봤나요 한참을 보고 있었는데 햇살이 어루만지는 그대 얼굴 꿈일지도 몰라 안녕이란 말도 나오질 않아 하고픈 말 얼마나 많았는데 꿈에서도 너만 찾았는데 너무 늦었단 그런 말은 듣기 싫은데 내 눈을 피하는 그대 내 맘이 보이나요 그대 눈빛을 난 알 수가 없어 소리 없이 나 혼자 안녕 알고 있죠 지나간 일에는 너무 힘들었죠 만약이란 없는 것 그래도 한번쯤 달려가 잡았다면 그대가 한번만 안아줬더라면 그렇게 돌아서진 않았을텐데 꿈일지도 몰라 안녕이란 말도 나오질 않아 하고픈 말 얼마나 많았는데 꿈에서도 너만 찾았는데 혹시 그대도 하루마다 힘들었다면 나를 그리워했다면 주저하지 말아요 다시 망설이다 놓칠 순 없어 떨리는 목소리로 안녕 언젠가는 꼭 만나게 될 거라고 마음을 다해 바란다면 난 믿어왔었죠 이젠 슬픔은 없을 거야 우리 다시 만나면 감사해 우연이 선물한 이 순간을 그대도 지금 입술까지 떨려온다면 눈물이 날 것 같다면 내 손을 잡아줘요 그댈 다시 안아 봐도 될까요 숨결처럼 가까이 안녕 우리의 처음처럼 안녕
서영은,이 거지같은 말 (with 정엽 of 브라운 아이드 소울),가요 / 발라드,사랑해 사랑해 사랑해  이젠 다 가슴에 묻어도 한 방울 한 방울 한 방울  눈물로 새나와 사랑해... 혼자 되뇌어보는 한마디 네가 그렇게도 듣고 싶어 했던  그저 사랑 한단 한마디 이젠 닳도록 해 사랑해... 혼자 되새기는 한마디  네가 떠나가도 빼낼 수가 없는 내 심장에 박힌 한마디 검게 멍이 들도록 때려 봐도 붉게 물이 들도록 울어 봐도 찌들고 찌들어 통 빠지질 않아 가시 같은 한마디 검게 멍이 들도록 때려 봐도 붉게 물이 들도록 울어 봐도 끝끝내 끝끝내 온 몸에 퍼져와 이 거지같은 말... 사랑해... 혼자 되뇌어보는 한마디 네가 그렇게도 듣고 싶어 했던  그저 사랑 한단 한마디 이젠 닳도록 해 사랑해... 혼자 되새기는 한마디  네가 떠나가도 빼낼 수가 없는 내 심장에 박힌 한마디 검게 멍이 들도록 때려 봐도 붉게 물이 들도록 울어 봐도  찌들고 찌들어 통 빠지질 않아 가시 같은 한마디 검게 멍이 들도록 때려 봐도 붉게 물이 들도록 울어 봐도 끝끝내 끝끝내 온 몸에 퍼져와 이 거지같은 말... 움키고 움켜쥐어도 너는 모래처럼 떠나가... 검게 멍이 들도록 때려 봐도 붉게 물이 들도록 울어 봐도  찌들고 찌들어 통 빠지질 않아 가시 같은 한마디 검게 멍이 들도록 때려 봐도 붉게 물이 들도록 울어 봐도 끝끝내 끝끝내 온 몸에 퍼져와 이 거지같은 말... 사랑해 사랑해 사랑해 이젠 다 가슴에 묻어도 한 방울 한 방울 한 방울 눈물로 새나와
오렌지캬라멜 (ORANGE CARAMEL),아잉♡,가요 / 댄스,그대의 입술이 닿으면 간질 간질  마음이 간지러 자꾸만 아잉 아잉  기뻐서 아잉 아잉 예민해 예민해  그대를 1초만 못 봐도 눈물샘에 신호가 떠버려  자꾸만 꺼이 꺼이 보고파 꺼이 꺼이  예민해 예민해 알러지 같은 내 사랑 멀쩡하던 날  시큰하게 훌쩍거리게 줬다 폈다 왔다 갔다  *Oh oh 멋지면 다야 잘생기면 다야  징글 징글 징글 하게  오~ 좋아서 미쳐 미쳐 빠져 빠져 온몸이 저려  뼛속까지 저려 찌릿 찌릿 찌릿 하게  오~ 어떻해 덥썩 덥썩 내 맘 집어 삼키는 너 나 나 나 나……  그대가 툭 던진 농담도 밤새도록 내 맘을 괴롭혀 궁금해  오잉 오잉 생각해 오잉 오잉 예민해 예민해  알러지 같은 내 사랑 얌전하던 날  정신 없게 폴짝거리게 아찔하게 짜릿하게  *Oh oh 멋지면 다야 잘생기면 다야  징글 징글 징글 하게 오~  좋아서 미쳐 미쳐 빠져 빠져 온몸이 저려  뼛속까지 저려 찌릿 찌릿 찌릿 하게  오~ 어떻게 덥썩 덥썩 내 맘  집어 삼키는 너 날 꼼짝 못하게 해버렸죠…… 나만의 사랑 남자 중에 남자 어쩜 어쩜 어쩜이래..  오.. 완벽해 머리부터 발끝까지 내 삶의 보석 내 인생의 기적  오래 오래 오래토록 오~ 영원히  나만 나만 나만 나만 사랑해줘 나 나 나 나…… 아잉♡
